{"eval/loss":0.3950253427028656,"_runtime":241,"train_samples_per_second":340.435,"train/predict_accuracy":0.8475,"eval/steps_per_second":71.721,"_timestamp":1.760621723442826e+09,"eval/accuracy":0.855,"train_runtime":234.9933,"train_loss":1.2669168579101562,"train_steps_per_second":5.319,"train/global_step":1250,"train/predict_loss":0.41409018635749817,"train/predict_steps_per_second":71.696,"train/predict_runtime":3.4869,"train/loss":0.9277,"train/grad_norm":2.0553133487701416,"train/predict_samples_per_second":573.569,"_step":9,"train/epoch":5,"eval/runtime":3.4857,"_wandb":{"runtime":241},"eval/samples_per_second":573.766,"train/learning_rate":0.0040160000000000005,"total_flos":5.29897955328e+15}