{"train/epoch":5,"eval/samples_per_second":628.717,"train/predict_samples_per_second":628.359,"_runtime":288,"eval/steps_per_second":78.59,"train/predict_steps_per_second":78.545,"train/learning_rate":0.0040160000000000005,"eval/loss":2.321223497390747,"total_flos":5.26241009664e+15,"train_runtime":281.0467,"_step":9,"train/grad_norm":9.354052543640137,"train/loss":1.9292,"train/predict_loss":2.3202598094940186,"train_steps_per_second":4.448,"_wandb":{"runtime":288},"train/predict_accuracy":0.3475,"train_loss":2.2289931884765624,"train_samples_per_second":284.65,"_timestamp":1.7606182889336379e+09,"eval/runtime":3.1811,"train/predict_runtime":3.1829,"train/global_step":1250,"eval/accuracy":0.352}