{"train/predict_samples_per_second":574.656,"eval/steps_per_second":71.139,"train_loss":1.5903040771484376,"train/predict_steps_per_second":71.832,"_wandb":{"runtime":242},"train_samples_per_second":339.682,"eval/samples_per_second":569.112,"train/epoch":5,"_timestamp":1.760619301195616e+09,"_runtime":242,"train/predict_runtime":3.4803,"train/loss":1.5812,"total_flos":5.29897955328e+15,"train/predict_accuracy":0.3475,"train/grad_norm":1.0984628200531006,"train/predict_loss":1.5643210411071777,"train/learning_rate":4.016e-06,"train_steps_per_second":5.308,"eval/loss":1.5829863548278809,"eval/accuracy":0.352,"train/global_step":1250,"train_runtime":235.5144,"_step":9,"eval/runtime":3.5142}