{"train_runtime":220.1716,"train/loss":0.2554,"_step":9,"_timestamp":1.7606207076309516e+09,"eval/loss":0.18576154112815857,"train/predict_accuracy":0.9215,"total_flos":5.33521833984e+15,"train/grad_norm":3.1832001209259033,"eval/runtime":3.6367,"train/predict_runtime":3.6323,"train/epoch":5,"eval/samples_per_second":549.954,"train/learning_rate":4.016e-05,"train_samples_per_second":363.353,"train/predict_steps_per_second":68.827,"train_loss":0.38746977844238284,"train/global_step":1250,"train/predict_loss":0.18138620257377625,"_wandb":{"runtime":227},"train/predict_samples_per_second":550.618,"eval/steps_per_second":68.744,"_runtime":227,"train_steps_per_second":5.677,"eval/accuracy":0.9225}