{"eval/loss":0.7713741660118103,"eval/accuracy":0.7265,"train/predict_samples_per_second":587.64,"_timestamp":1.7606181715750034e+09,"train/predict_loss":0.7391966581344604,"train/loss":0.9035,"train/predict_accuracy":0.732,"train_samples_per_second":385.647,"train/grad_norm":4.407611846923828,"train/global_step":1250,"train_steps_per_second":6.026,"train_loss":1.0927601440429688,"eval/samples_per_second":584.196,"_step":9,"train/predict_runtime":3.4034,"total_flos":5.31709894656e+15,"train_runtime":207.4436,"train/learning_rate":4.016e-06,"train/epoch":5,"train/predict_steps_per_second":73.455,"eval/runtime":3.4235,"_runtime":214,"_wandb":{"runtime":214},"eval/steps_per_second":73.024}