{"train/predict_loss":0.1812388002872467,"train/learning_rate":4.016e-05,"_step":9,"train_loss":0.3772305236816406,"_timestamp":1.7606214602927701e+09,"train/predict_runtime":3.6636,"train/predict_steps_per_second":68.24,"train/grad_norm":2.047978162765503,"train/predict_accuracy":0.923,"train/loss":0.2447,"total_flos":5.44393469952e+15,"train_samples_per_second":361.087,"eval/samples_per_second":546.63,"_wandb":{"runtime":228},"train/global_step":1250,"train_steps_per_second":5.642,"train/predict_samples_per_second":545.917,"train/epoch":5,"eval/steps_per_second":68.329,"eval/loss":0.17824004590511322,"eval/accuracy":0.926,"eval/runtime":3.6588,"train_runtime":221.5532,"_runtime":228}