{"eval/accuracy":0.352,"train/predict_loss":3.2329893112182617,"_step":9,"train/grad_norm":8.562789916992188,"train/global_step":1250,"total_flos":5.31936387072e+15,"eval/steps_per_second":63.199,"_timestamp":1.7606247973736727e+09,"train_steps_per_second":5.037,"train/predict_samples_per_second":506.619,"train/predict_accuracy":0.3475,"train_runtime":248.1592,"eval/loss":3.2623729705810547,"train/predict_runtime":3.9477,"eval/samples_per_second":505.595,"eval/runtime":3.9557,"train_samples_per_second":322.374,"train_loss":2.2607691650390627,"_runtime":256,"train/learning_rate":0.0040160000000000005,"_wandb":{"runtime":256},"train/predict_steps_per_second":63.327,"train/epoch":5,"train/loss":1.954}