{"train_runtime":248.5634,"train/epoch":5,"_wandb":{"runtime":256},"_runtime":256,"eval/accuracy":0.9335,"train/loss":0.1765,"train/predict_accuracy":0.9275,"train/global_step":1250,"train/learning_rate":4.016e-05,"train_loss":0.3082151031494141,"eval/steps_per_second":63.43,"total_flos":5.31936387072e+15,"eval/samples_per_second":507.437,"train/grad_norm":7.96910285949707,"train/predict_runtime":3.9432,"train_samples_per_second":321.849,"_step":9,"train/predict_samples_per_second":507.207,"_timestamp":1.7606202249476082e+09,"eval/runtime":3.9414,"train_steps_per_second":5.029,"eval/loss":0.13858561217784882,"train/predict_loss":0.14995335042476654,"train/predict_steps_per_second":63.401}