{"train/predict_accuracy":0.3635,"train/predict_loss":1.5562267303466797,"_timestamp":1.7606174338073409e+09,"train/learning_rate":4.016e-06,"train/loss":1.5866,"eval/samples_per_second":865.825,"eval/loss":1.5790770053863525,"eval/steps_per_second":108.228,"train_steps_per_second":8.135,"eval/runtime":2.3099,"train_runtime":153.6606,"_runtime":158,"_wandb":{"runtime":158},"_step":9,"train_loss":1.594351220703125,"train/predict_samples_per_second":866.676,"eval/accuracy":0.3565,"train/epoch":5,"train/global_step":1250,"train/grad_norm":1.3051992654800415,"train/predict_runtime":2.3077,"train/predict_steps_per_second":108.335,"train_samples_per_second":520.628,"total_flos":5.29897955328e+15}