{"train/grad_norm":5.609331130981445,"train/predict_samples_per_second":584.387,"train/predict_loss":2.8481454849243164,"eval/steps_per_second":72.957,"train/learning_rate":0.0040160000000000005,"train_samples_per_second":385.573,"train_steps_per_second":6.025,"_step":9,"_wandb":{"runtime":214},"train/epoch":5,"eval/accuracy":0.352,"eval/loss":2.9014813899993896,"_timestamp":1.7606257920774868e+09,"train_runtime":207.4834,"total_flos":5.3714571264e+15,"train/loss":1.9299,"train/predict_runtime":3.4224,"eval/runtime":3.4267,"eval/samples_per_second":583.652,"train_loss":2.276795703125,"train/predict_steps_per_second":73.048,"train/global_step":1250,"train/predict_accuracy":0.3475,"_runtime":214}