{"train/grad_norm":9.252593994140625,"train/predict_accuracy":0.3475,"eval/samples_per_second":585.743,"_runtime":213,"_step":9,"train/global_step":1250,"train/loss":1.9473,"train/predict_loss":2.232365608215332,"train_runtime":206.3806,"train_samples_per_second":387.633,"train/predict_runtime":3.4084,"train/predict_steps_per_second":73.347,"train/predict_samples_per_second":586.778,"train/epoch":5,"eval/loss":2.2185230255126953,"train_steps_per_second":6.057,"_timestamp":1.7606250314320452e+09,"_wandb":{"runtime":213},"eval/steps_per_second":73.218,"train/learning_rate":0.0040160000000000005,"eval/accuracy":0.352,"eval/runtime":3.4145,"train_loss":2.2224543701171875,"total_flos":5.31709894656e+15}