{"_timestamp":1.7606217373814309e+09,"train/predict_runtime":4.0206,"eval/loss":0.1353370100259781,"train/loss":0.158,"train_steps_per_second":5.036,"eval/runtime":4.0231,"eval/samples_per_second":497.124,"eval/accuracy":0.939,"eval/steps_per_second":62.14,"train/global_step":1250,"train/learning_rate":4.016e-05,"train_loss":0.2852532699584961,"train/predict_steps_per_second":62.179,"train/predict_accuracy":0.9265,"_step":9,"train_runtime":248.1974,"train/predict_samples_per_second":497.434,"train/predict_loss":0.16156545281410217,"train/grad_norm":1.368602991104126,"train_samples_per_second":322.324,"_wandb":{"runtime":256},"_runtime":256,"total_flos":5.62512863232e+15,"train/epoch":5}