{"train_runtime":249.0269,"train_loss":1.5578284912109375,"train/predict_samples_per_second":497.238,"_timestamp":1.760624032297118e+09,"total_flos":5.62512863232e+15,"eval/runtime":4.0267,"eval/samples_per_second":496.688,"train/global_step":1250,"eval/loss":1.5854201316833496,"train/predict_loss":1.5640112161636353,"_wandb":{"runtime":256},"train_samples_per_second":321.25,"train/predict_steps_per_second":62.155,"_runtime":256,"eval/accuracy":0.352,"train_steps_per_second":5.02,"train/epoch":5,"_step":9,"train/learning_rate":0.0004016,"train/grad_norm":0.5405147075653076,"train/predict_runtime":4.0222,"train/loss":1.5805,"train/predict_accuracy":0.3475,"eval/steps_per_second":62.086}