{"train/loss":1.5866,"train/predict_steps_per_second":107.947,"train_samples_per_second":504.413,"train/predict_loss":1.5600881576538086,"train_runtime":158.6,"train_loss":1.593826953125,"_timestamp":1.7606176229813678e+09,"train_steps_per_second":7.881,"_wandb":{"runtime":163},"eval/loss":1.5817134380340576,"train/global_step":1250,"train/predict_samples_per_second":863.577,"eval/runtime":2.3148,"train/grad_norm":1.002855658531189,"eval/accuracy":0.357,"train/predict_accuracy":0.3685,"_step":9,"total_flos":5.29897955328e+15,"_runtime":163,"eval/samples_per_second":863.996,"eval/steps_per_second":108,"train/predict_runtime":2.3159,"train/learning_rate":4.016e-06,"train/epoch":5}