{"eval/runtime":2.3144,"eval/loss":1.5582268238067627,"train/loss":1.5708,"train_loss":1.5755257568359375,"train/predict_runtime":2.3143,"train/predict_steps_per_second":108.023,"_wandb":{"runtime":164},"train/predict_accuracy":0.3775,"train/global_step":1250,"train/predict_loss":1.5386706590652466,"train_steps_per_second":7.829,"_timestamp":1.760618193258367e+09,"eval/steps_per_second":108.021,"train/grad_norm":1.0268937349319458,"eval/samples_per_second":864.168,"total_flos":5.29897955328e+15,"_runtime":164,"train/predict_samples_per_second":864.187,"_step":9,"train_samples_per_second":501.064,"train/epoch":5,"eval/accuracy":0.376,"train/learning_rate":4.016e-05,"train_runtime":159.6603}