{"train/predict_loss":1.281476616859436,"eval/loss":1.310058832168579,"train/loss":1.524,"train/predict_samples_per_second":865.333,"_runtime":161,"train/predict_steps_per_second":108.167,"train_samples_per_second":508.454,"eval/samples_per_second":862.461,"train/grad_norm":0.8693080544471741,"train/epoch":5,"_wandb":{"runtime":161},"eval/steps_per_second":107.808,"_timestamp":1.7606185728748097e+09,"train/predict_runtime":2.3112,"train_steps_per_second":7.945,"eval/accuracy":0.514,"train/learning_rate":0.0004016,"train_loss":1.535756298828125,"total_flos":5.29897955328e+15,"train/global_step":1250,"train_runtime":157.3398,"_step":9,"eval/runtime":2.3189,"train/predict_accuracy":0.5155}