{"train_samples_per_second":385.26,"train_runtime":207.6519,"train/predict_runtime":3.4227,"train/grad_norm":0.977828323841095,"train_steps_per_second":6.02,"train/predict_samples_per_second":584.33,"eval/steps_per_second":73.038,"train/epoch":5,"_wandb":{"runtime":214},"_step":9,"eval/samples_per_second":584.302,"train_loss":0.2456025192260742,"eval/accuracy":0.939,"train/learning_rate":0.0004016,"train/loss":0.1563,"_runtime":214,"train/predict_steps_per_second":73.041,"train/predict_loss":0.1362677961587906,"total_flos":5.3714571264e+15,"_timestamp":1.7606235000155113e+09,"train/predict_accuracy":0.9295,"eval/runtime":3.4229,"train/global_step":1250,"eval/loss":0.11477483063936234}