{"_step":9,"train/global_step":1250,"eval/samples_per_second":862.174,"eval/runtime":2.3197,"train/predict_runtime":2.3113,"train/predict_samples_per_second":865.31,"train/epoch":5,"train_samples_per_second":507.022,"train_runtime":157.784,"train/predict_steps_per_second":108.164,"train/loss":1.2696,"eval/steps_per_second":107.772,"_timestamp":1.76061914074362e+09,"train_steps_per_second":7.922,"train/predict_loss":0.6969738602638245,"train/learning_rate":0.0040160000000000005,"train/predict_accuracy":0.746,"_runtime":162,"eval/accuracy":0.743,"train/grad_norm":5.049331188201904,"_wandb":{"runtime":162},"eval/loss":0.7156338095664978,"train_loss":1.5623490234375,"total_flos":5.29897955328e+15}