{"eval/samples_per_second":574.912,"train/predict_accuracy":0.876,"eval/runtime":3.4788,"eval/accuracy":0.887,"eval/loss":0.33183735609054565,"_wandb":{"runtime":242},"train_samples_per_second":339.939,"train/epoch":5,"train/predict_loss":0.33849847316741943,"_runtime":242,"eval/steps_per_second":71.864,"train/grad_norm":3.238449811935425,"train/predict_runtime":3.4825,"train/loss":0.7962,"train_loss":1.1420273315429688,"train_runtime":235.3362,"train/global_step":1250,"train_steps_per_second":5.312,"train/predict_steps_per_second":71.787,"train/predict_samples_per_second":574.3,"train/learning_rate":0.0040160000000000005,"_timestamp":1.760621171903334e+09,"_step":9,"total_flos":5.29897955328e+15}