{"train/predict_samples_per_second":834.975,"train/loss":1.5667,"eval/samples_per_second":836.116,"train/global_step":1250,"_timestamp":1.7606189573322613e+09,"train/grad_norm":0.8507757782936096,"_step":9,"train_steps_per_second":7.359,"_wandb":{"runtime":174},"eval/runtime":2.392,"train/predict_loss":1.4987246990203857,"train_samples_per_second":470.955,"eval/accuracy":0.4365,"train/predict_runtime":2.3953,"train/predict_steps_per_second":104.372,"eval/steps_per_second":104.515,"train/epoch":5,"train/predict_accuracy":0.4295,"total_flos":5.29897955328e+15,"_runtime":174,"eval/loss":1.5241550207138062,"train/learning_rate":0.0004016,"train_runtime":169.8676,"train_loss":1.573723779296875}