{"train/grad_norm":7.6107378005981445,"train/predict_loss":1.9434353113174438,"train_samples_per_second":321.816,"_wandb":{"runtime":256},"eval/runtime":4.0335,"eval/accuracy":0.352,"eval/steps_per_second":61.98,"train/learning_rate":0.0040160000000000005,"train_steps_per_second":5.028,"train_loss":2.21808671875,"_runtime":256,"train/predict_accuracy":0.3475,"train/predict_runtime":4.0514,"total_flos":5.62512863232e+15,"train/loss":1.9593,"eval/samples_per_second":495.843,"_timestamp":1.7606263200536273e+09,"_step":9,"train_runtime":248.5896,"train/predict_steps_per_second":61.706,"train/epoch":5,"train/global_step":1250,"train/predict_samples_per_second":493.651,"eval/loss":1.9249519109725952}