{"eval/accuracy":0.352,"train/learning_rate":0.0040160000000000005,"train/predict_runtime":3.3988,"train/predict_accuracy":0.3475,"eval/loss":2.033383846282959,"train/predict_loss":1.9939521551132202,"train/predict_steps_per_second":73.555,"train_samples_per_second":385.183,"_wandb":{"runtime":214},"_runtime":214,"train/predict_samples_per_second":588.437,"_step":9,"_timestamp":1.7606242668247938e+09,"train_steps_per_second":6.018,"eval/samples_per_second":587.844,"train_loss":2.32648388671875,"train_runtime":207.6935,"train/loss":1.9471,"total_flos":5.3035094016e+15,"eval/steps_per_second":73.481,"train/global_step":1250,"train/grad_norm":8.655800819396973,"eval/runtime":3.4023,"train/epoch":5}