{"_runtime":227,"eval/steps_per_second":68.66,"train_runtime":219.9078,"_step":9,"train/predict_runtime":3.644,"train/predict_steps_per_second":68.606,"train/loss":1.9145,"eval/accuracy":0.352,"train/epoch":5,"eval/samples_per_second":549.281,"train_steps_per_second":5.684,"train/predict_loss":1.561886191368103,"_wandb":{"runtime":227},"train_loss":2.3305123779296877,"train/predict_samples_per_second":548.846,"train/global_step":1250,"train/grad_norm":7.074803352355957,"eval/loss":1.5843921899795532,"train/predict_accuracy":0.3475,"total_flos":5.33521833984e+15,"_timestamp":1.7606252807713928e+09,"train/learning_rate":0.0040160000000000005,"eval/runtime":3.6411,"train_samples_per_second":363.789}