{"eval/accuracy":0.3645,"train/predict_samples_per_second":836.031,"train/predict_runtime":2.3923,"_timestamp":1.7606183915899687e+09,"train_samples_per_second":473.905,"eval/samples_per_second":835.104,"train_loss":1.578363720703125,"train/learning_rate":4.016e-05,"_runtime":173,"train/predict_loss":1.5522922277450562,"eval/runtime":2.3949,"train/grad_norm":1.1749285459518433,"train/epoch":5,"total_flos":5.29897955328e+15,"train/predict_steps_per_second":104.504,"_wandb":{"runtime":173},"train_steps_per_second":7.405,"_step":9,"train/predict_accuracy":0.369,"train_runtime":168.8103,"train/loss":1.5746,"eval/loss":1.5695185661315918,"eval/steps_per_second":104.388,"train/global_step":1250}