{"eval/runtime":3.5008,"train/learning_rate":4.016e-06,"train_samples_per_second":339.176,"_step":9,"train_loss":1.5893358154296875,"eval/accuracy":0.352,"_timestamp":1.7606187687673938e+09,"train/predict_steps_per_second":71.521,"_wandb":{"runtime":242},"_runtime":242,"eval/steps_per_second":71.412,"eval/samples_per_second":571.297,"train/loss":1.5802,"train/predict_runtime":3.4955,"train/predict_loss":1.5637863874435425,"train/predict_accuracy":0.3475,"train/grad_norm":1.0997809171676636,"eval/loss":1.5826129913330078,"train/predict_samples_per_second":572.166,"train_steps_per_second":5.3,"train_runtime":235.8659,"train/global_step":1250,"train/epoch":5,"total_flos":5.29897955328e+15}