{"eval/loss":0.6712114214897156,"eval/steps_per_second":68.821,"_wandb":{"runtime":227},"train_steps_per_second":5.686,"train_loss":1.0096994384765625,"train/predict_samples_per_second":552.418,"_step":9,"train_samples_per_second":363.921,"eval/samples_per_second":550.571,"train/predict_runtime":3.6204,"train/epoch":5,"_timestamp":1.7606184217216542e+09,"train_runtime":219.8277,"train/global_step":1250,"train/loss":0.8064,"eval/runtime":3.6326,"total_flos":5.33521833984e+15,"train/predict_steps_per_second":69.052,"train/grad_norm":3.460829496383667,"eval/accuracy":0.761,"train/learning_rate":4.016e-06,"train/predict_accuracy":0.7725,"train/predict_loss":0.6450537443161011,"_runtime":227}