{"train/global_step":1250,"train/predict_samples_per_second":552.086,"train/predict_loss":0.6757643818855286,"_runtime":229,"eval/samples_per_second":552.015,"train/predict_steps_per_second":69.011,"train_runtime":222.3615,"train/predict_accuracy":0.7605,"eval/accuracy":0.752,"_timestamp":1.7606176508914304e+09,"total_flos":5.30803924992e+15,"train_samples_per_second":359.774,"eval/steps_per_second":69.002,"train_loss":1.0258184936523438,"_step":9,"train/predict_runtime":3.6226,"train/loss":0.8324,"train/grad_norm":6.620687007904053,"eval/loss":0.6996538639068604,"train_steps_per_second":5.621,"train/learning_rate":4.016e-06,"_wandb":{"runtime":229},"train/epoch":5,"eval/runtime":3.6231}