{"train_loss":0.9920731323242188,"_step":9,"train/loss":0.7799,"train_samples_per_second":360.243,"train/learning_rate":4.016e-06,"train/predict_runtime":3.6606,"eval/steps_per_second":68.249,"train/predict_samples_per_second":546.354,"eval/samples_per_second":545.995,"train/predict_loss":0.6227747201919556,"train_steps_per_second":5.629,"eval/loss":0.6497491002082825,"total_flos":5.44393469952e+15,"train/epoch":5,"eval/runtime":3.663,"_timestamp":1.7606191826005135e+09,"train/predict_accuracy":0.7775,"train/grad_norm":2.208590030670166,"train/global_step":1250,"_wandb":{"runtime":229},"train_runtime":222.0723,"eval/accuracy":0.766,"train/predict_steps_per_second":68.294,"_runtime":229}