{"eval/accuracy":0.835,"train/global_step":1250,"train/predict_loss":0.4884972870349884,"train_runtime":235.9898,"train/learning_rate":0.0004016,"train/predict_accuracy":0.8285,"train/predict_samples_per_second":574.322,"train/grad_norm":1.4113211631774902,"train/loss":0.6764,"eval/steps_per_second":71.722,"_wandb":{"runtime":242},"eval/runtime":3.4857,"train/predict_runtime":3.4824,"_timestamp":1.7606206384163957e+09,"_step":9,"train_steps_per_second":5.297,"_runtime":242,"eval/loss":0.48135682940483093,"train_loss":0.8300292114257812,"total_flos":5.29897955328e+15,"train/predict_steps_per_second":71.79,"eval/samples_per_second":573.773,"train_samples_per_second":338.998,"train/epoch":5}