{"eval/accuracy":0.7175,"train_runtime":207.6562,"train/global_step":1250,"eval/steps_per_second":73.549,"train/predict_steps_per_second":73.474,"train/predict_samples_per_second":587.79,"train/grad_norm":9.404571533203125,"_runtime":214,"eval/runtime":3.3991,"_timestamp":1.7606173989587991e+09,"eval/samples_per_second":588.396,"total_flos":5.3035094016e+15,"train/learning_rate":4.016e-06,"_step":9,"train/epoch":5,"train_samples_per_second":385.252,"train/predict_accuracy":0.7205,"train_steps_per_second":6.02,"eval/loss":0.8010802268981934,"train/loss":0.9527,"train/predict_runtime":3.4026,"train_loss":1.13250703125,"train/predict_loss":0.773474931716919,"_wandb":{"runtime":214}}