{"train/predict_samples_per_second":546.119,"train/predict_accuracy":0.93,"_runtime":228,"_wandb":{"runtime":228},"eval/runtime":3.6595,"eval/loss":0.11436469852924347,"total_flos":5.44393469952e+15,"train/global_step":1250,"train/learning_rate":0.0004016,"train_steps_per_second":5.641,"train_loss":0.24321702117919922,"train/predict_loss":0.14557583630084991,"train/predict_runtime":3.6622,"train_runtime":221.5821,"train/loss":0.157,"eval/steps_per_second":68.316,"eval/accuracy":0.9365,"train/predict_steps_per_second":68.265,"_step":9,"train_samples_per_second":361.04,"train/epoch":5,"_timestamp":1.7606237522318192e+09,"eval/samples_per_second":546.527,"train/grad_norm":2.1343064308166504}