{"total_flos":5.29897955328e+15,"train/grad_norm":1.4166152477264404,"eval/samples_per_second":573.489,"train/predict_runtime":3.4748,"_timestamp":1.7606203707078874e+09,"_step":9,"train/global_step":1250,"eval/loss":0.47209441661834717,"eval/steps_per_second":71.686,"train/loss":0.6611,"train/predict_steps_per_second":71.947,"_runtime":242,"train_samples_per_second":339.264,"train_runtime":235.8047,"eval/accuracy":0.8395,"eval/runtime":3.4874,"train_steps_per_second":5.301,"train/predict_accuracy":0.828,"train/predict_samples_per_second":575.573,"train_loss":0.8158158081054687,"train/epoch":5,"train/learning_rate":0.0004016,"train/predict_loss":0.48438477516174316,"_wandb":{"runtime":242}}