{"train/epoch":5,"train_loss":0.3983672332763672,"_timestamp":1.7606199467095687e+09,"train_runtime":222.0422,"_runtime":229,"train/grad_norm":7.964731216430664,"train_steps_per_second":5.63,"train/global_step":1250,"train_samples_per_second":360.292,"train/predict_samples_per_second":553.043,"train/predict_accuracy":0.9215,"_wandb":{"runtime":229},"_step":9,"total_flos":5.30803924992e+15,"train/predict_runtime":3.6164,"eval/loss":0.20517636835575104,"eval/steps_per_second":69.021,"train/loss":0.2629,"eval/runtime":3.6221,"eval/samples_per_second":552.169,"train/predict_steps_per_second":69.13,"eval/accuracy":0.923,"train/predict_loss":0.19341537356376648,"train/learning_rate":4.016e-05}