{"eval/loss":1.5892101526260376,"train/learning_rate":0.0004016,"train/predict_loss":1.56547212600708,"train/grad_norm":0.6048200726509094,"_step":9,"train_steps_per_second":5.113,"eval/runtime":3.9513,"train_loss":1.5889569580078124,"eval/samples_per_second":506.165,"train/predict_steps_per_second":63.222,"_wandb":{"runtime":252},"train/epoch":5,"total_flos":5.38051682304e+15,"train/loss":1.5823,"train_runtime":244.4839,"_timestamp":1.7606232619141757e+09,"train/global_step":1250,"_runtime":252,"eval/steps_per_second":63.271,"train/predict_runtime":3.9543,"eval/accuracy":0.352,"train/predict_samples_per_second":505.779,"train_samples_per_second":327.22,"train/predict_accuracy":0.3475}