{"eval/runtime":3.478,"train/predict_loss":1.2239165306091309,"train/predict_runtime":3.4844,"train/learning_rate":4.016e-05,"train_loss":1.4250427734375,"train/predict_samples_per_second":573.994,"_wandb":{"runtime":242},"eval/accuracy":0.53,"train/grad_norm":1.2991864681243896,"_runtime":242,"_timestamp":1.7606195690048635e+09,"eval/loss":1.2457331418991089,"train/epoch":5,"train/loss":1.3701,"train/predict_accuracy":0.534,"train_runtime":235.3474,"eval/steps_per_second":71.88,"train_samples_per_second":339.923,"train/global_step":1250,"_step":9,"train/predict_steps_per_second":71.749,"eval/samples_per_second":575.04,"train_steps_per_second":5.311,"total_flos":5.29897955328e+15}