{"train/predict_samples_per_second":588.741,"train_samples_per_second":384.93,"total_flos":5.3035094016e+15,"train/epoch":5,"train/predict_accuracy":0.9295,"eval/steps_per_second":73.471,"train/predict_loss":0.1383586972951889,"_runtime":214,"train_loss":0.2926044952392578,"_wandb":{"runtime":214},"train/predict_runtime":3.3971,"train_runtime":207.8302,"_timestamp":1.7606219749116116e+09,"train/loss":0.2025,"train_steps_per_second":6.015,"train/predict_steps_per_second":73.593,"train/grad_norm":2.1726133823394775,"eval/accuracy":0.9385,"train/learning_rate":0.0004016,"eval/loss":0.11316952854394913,"eval/samples_per_second":587.77,"_step":9,"train/global_step":1250,"eval/runtime":3.4027}