{"train_steps_per_second":5.636,"train/predict_runtime":3.6293,"eval/accuracy":0.933,"total_flos":5.30803924992e+15,"_runtime":228,"_timestamp":1.7606222235180974e+09,"_step":9,"train/predict_steps_per_second":68.884,"train_loss":0.2961331573486328,"train_samples_per_second":360.696,"eval/loss":0.13179947435855865,"train/global_step":1250,"train/predict_samples_per_second":551.074,"train/learning_rate":0.0004016,"train/epoch":5,"train_runtime":221.7934,"train/loss":0.2123,"eval/runtime":3.6237,"train/predict_accuracy":0.9325,"eval/steps_per_second":68.991,"train/predict_loss":0.1462787240743637,"train/grad_norm":3.8885302543640137,"eval/samples_per_second":551.928,"_wandb":{"runtime":228}}