{"train/predict_loss":1.5643573999404907,"train/predict_runtime":3.4766,"_runtime":242,"eval/runtime":3.4814,"train/predict_accuracy":0.3475,"_step":9,"train/grad_norm":1.11192786693573,"train/learning_rate":4.016e-06,"eval/steps_per_second":71.811,"train_samples_per_second":339.405,"_wandb":{"runtime":242},"train/global_step":1250,"eval/loss":1.5828778743743896,"eval/accuracy":0.352,"total_flos":5.29897955328e+15,"train/predict_samples_per_second":575.27,"train/loss":1.5819,"train/epoch":5,"_timestamp":1.7606190339924455e+09,"train_loss":1.590704150390625,"train_steps_per_second":5.303,"train/predict_steps_per_second":71.909,"eval/samples_per_second":574.487,"train_runtime":235.7069}