{"_wandb":{"runtime":243},"train/loss":1.2518,"train/predict_samples_per_second":575.092,"eval/steps_per_second":71.794,"train_samples_per_second":340.196,"train/learning_rate":0.0040160000000000005,"train/predict_accuracy":0.768,"train/epoch":5,"_step":9,"train/predict_runtime":3.4777,"eval/loss":0.6117206811904907,"_timestamp":1.760621456700335e+09,"eval/accuracy":0.77,"train/grad_norm":3.479203462600708,"train_runtime":235.1587,"train_loss":1.55301416015625,"train/predict_loss":0.6101014614105225,"_runtime":243,"eval/runtime":3.4822,"total_flos":5.29897955328e+15,"train/predict_steps_per_second":71.887,"eval/samples_per_second":574.35,"train/global_step":1250,"train_steps_per_second":5.316}