{"train/predict_runtime":2.3954,"train/predict_samples_per_second":834.947,"_step":9,"_wandb":{"runtime":174},"eval/loss":0.42872336506843567,"train/global_step":1250,"train/predict_steps_per_second":104.368,"eval/runtime":2.3939,"train/predict_accuracy":0.841,"eval/steps_per_second":104.433,"train/grad_norm":3.690842390060425,"_timestamp":1.7606195225698583e+09,"train_loss":1.1987306274414062,"train_samples_per_second":472.47,"train_steps_per_second":7.382,"train/loss":0.909,"_runtime":174,"train_runtime":169.3228,"eval/samples_per_second":835.462,"eval/accuracy":0.8455,"train/predict_loss":0.4350616931915283,"train/learning_rate":0.0040160000000000005,"total_flos":5.29897955328e+15,"train/epoch":5}