{"train_steps_per_second":5.101,"train_runtime":245.0503,"train_samples_per_second":326.464,"train/grad_norm":4.281206130981445,"eval/steps_per_second":62.928,"_step":9,"train/predict_loss":0.50504469871521,"train/predict_runtime":3.9676,"eval/samples_per_second":503.427,"total_flos":5.38051682304e+15,"train/predict_accuracy":0.815,"_runtime":252,"train/global_step":1250,"train_loss":0.8559940551757812,"train/epoch":5,"train/learning_rate":4.016e-06,"_wandb":{"runtime":252},"_timestamp":1.7606186975979166e+09,"eval/loss":0.5175479650497437,"eval/runtime":3.9728,"train/loss":0.657,"train/predict_steps_per_second":63.011,"train/predict_samples_per_second":504.085,"eval/accuracy":0.813}