{"train/predict_runtime":3.9426,"eval/steps_per_second":63.437,"eval/runtime":3.9409,"train/predict_samples_per_second":507.278,"train/predict_loss":1.5694984197616577,"_wandb":{"runtime":255},"train_runtime":247.8201,"train/learning_rate":0.0004016,"total_flos":5.31936387072e+15,"train/predict_accuracy":0.3475,"eval/loss":1.5980710983276367,"train/loss":1.5818,"train_loss":1.5874109619140624,"train/global_step":1250,"train_samples_per_second":322.815,"train/predict_steps_per_second":63.41,"_runtime":255,"_step":9,"_timestamp":1.7606225040648284e+09,"eval/samples_per_second":507.496,"eval/accuracy":0.352,"train/grad_norm":0.5946547985076904,"train/epoch":5,"train_steps_per_second":5.044}