{"train/predict_loss":0.23707857728004456,"train/loss":0.3419,"train/predict_accuracy":0.905,"train/learning_rate":4.016e-05,"train/global_step":1250,"eval/samples_per_second":588.753,"total_flos":5.3035094016e+15,"eval/accuracy":0.915,"_runtime":215,"train_runtime":208.185,"train_samples_per_second":384.274,"train/grad_norm":6.030053615570068,"_timestamp":1.7606196974064014e+09,"train/predict_runtime":3.3961,"eval/runtime":3.397,"eval/steps_per_second":73.594,"train_steps_per_second":6.004,"train/predict_samples_per_second":588.903,"train/epoch":5,"train/predict_steps_per_second":73.613,"_step":9,"train_loss":0.4772029846191406,"_wandb":{"runtime":215},"eval/loss":0.23121991753578186}