{"_step":9,"train/predict_runtime":2.3221,"eval/runtime":2.331,"_wandb":{"runtime":164},"eval/samples_per_second":858.003,"train/epoch":5,"train/global_step":1250,"train_runtime":160.1662,"train_steps_per_second":7.804,"eval/accuracy":0.8015,"train/predict_accuracy":0.794,"eval/steps_per_second":107.25,"train/predict_steps_per_second":107.662,"_timestamp":1.7606193257923176e+09,"train/grad_norm":3.5769615173339844,"train/predict_loss":0.5429912209510803,"train/predict_samples_per_second":861.298,"eval/loss":0.5488818287849426,"total_flos":5.29897955328e+15,"train/learning_rate":0.0040160000000000005,"_runtime":164,"train/loss":1.0874,"train_loss":1.36979326171875,"train_samples_per_second":499.481}