{"eval/samples_per_second":550.98,"_timestamp":1.760622986288096e+09,"eval/runtime":3.6299,"train_steps_per_second":5.7,"train/loss":0.1827,"train/predict_loss":0.17196224629878998,"total_flos":5.33521833984e+15,"_wandb":{"runtime":226},"train/predict_accuracy":0.93,"train/predict_steps_per_second":66.541,"eval/loss":0.15269030630588531,"eval/accuracy":0.934,"train/learning_rate":0.0004016,"train/epoch":5,"train/predict_samples_per_second":532.328,"train/grad_norm":0.6268556714057922,"train_runtime":219.315,"train_samples_per_second":364.772,"eval/steps_per_second":68.872,"_runtime":226,"train_loss":0.2685798110961914,"_step":9,"train/predict_runtime":3.7571,"train/global_step":1250}