{"total_flos":5.29897955328e+15,"eval/runtime":2.3895,"train/predict_steps_per_second":104.882,"train/predict_accuracy":0.3555,"train_loss":1.5937625732421874,"train_samples_per_second":475.966,"_runtime":172,"eval/loss":1.580219030380249,"_wandb":{"runtime":172},"_timestamp":1.760617819187792e+09,"eval/steps_per_second":104.623,"train_runtime":168.0793,"eval/accuracy":0.357,"train/predict_loss":1.5603584051132202,"train/grad_norm":1.1422264575958252,"_step":9,"train_steps_per_second":7.437,"train/learning_rate":4.016e-06,"train/predict_runtime":2.3836,"eval/samples_per_second":836.984,"train/predict_samples_per_second":839.056,"train/loss":1.5878,"train/global_step":1250,"train/epoch":5}