{"_step":9,"train/loss":0.3077,"train/predict_steps_per_second":72.916,"train/predict_loss":0.2357935756444931,"train_loss":0.444336328125,"train/grad_norm":1.689297080039978,"train/predict_accuracy":0.915,"train_samples_per_second":384.74,"eval/loss":0.23492342233657837,"_wandb":{"runtime":214},"_runtime":214,"train_steps_per_second":6.012,"_timestamp":1.7606212163627946e+09,"eval/runtime":3.4308,"train/predict_runtime":3.4286,"train/predict_samples_per_second":583.325,"eval/accuracy":0.9185,"train/learning_rate":4.016e-05,"eval/steps_per_second":72.87,"train/global_step":1250,"total_flos":5.3714571264e+15,"train_runtime":207.9324,"train/epoch":5,"eval/samples_per_second":582.96}