{"train_runtime":280.6127,"eval/steps_per_second":78.719,"train/grad_norm":1.1172149181365967,"train/predict_samples_per_second":629.794,"train_steps_per_second":4.455,"eval/samples_per_second":629.752,"train/epoch":5,"_step":9,"train/predict_steps_per_second":78.724,"_runtime":287,"eval/accuracy":0.352,"train/global_step":1250,"eval/loss":1.5848060846328735,"train/loss":1.582,"train/predict_runtime":3.1756,"_wandb":{"runtime":287},"eval/runtime":3.1759,"train/predict_accuracy":0.3475,"train_loss":1.58413447265625,"total_flos":5.26241009664e+15,"_timestamp":1.7606176744107912e+09,"train/predict_loss":1.5603083372116089,"train/learning_rate":4.016e-05,"train_samples_per_second":285.09}