{"train_steps_per_second":6.059,"train/predict_loss":0.21477016806602478,"train/predict_samples_per_second":587.401,"train/grad_norm":3.209731340408325,"_wandb":{"runtime":212},"eval/runtime":3.4028,"train/predict_runtime":3.4048,"train/loss":0.3175,"eval/loss":0.20622754096984863,"train/epoch":5,"train/learning_rate":4.016e-05,"total_flos":5.31709894656e+15,"train/predict_accuracy":0.918,"_step":9,"_runtime":212,"_timestamp":1.7606204598763492e+09,"eval/steps_per_second":73.468,"eval/accuracy":0.918,"train/predict_steps_per_second":73.425,"train_runtime":206.2945,"train_samples_per_second":387.795,"eval/samples_per_second":587.746,"train_loss":0.4542396179199219,"train/global_step":1250}