{"total_flos":5.3714571264e+15,"eval/runtime":3.4261,"train/learning_rate":4.016e-06,"train/predict_runtime":3.4111,"train/loss":0.8782,"train_samples_per_second":384.716,"_wandb":{"runtime":214},"train/epoch":5,"train/global_step":1250,"train/predict_samples_per_second":586.328,"_step":9,"eval/loss":0.7478185892105103,"eval/samples_per_second":583.761,"train/predict_loss":0.7178462147712708,"train_steps_per_second":6.011,"train/predict_accuracy":0.7405,"eval/steps_per_second":72.97,"train/grad_norm":2.5652709007263184,"train_loss":1.0762117309570312,"_timestamp":1.7606189322793813e+09,"train/predict_steps_per_second":73.291,"_runtime":214,"eval/accuracy":0.7325,"train_runtime":207.9458}