{"train/loss":1.9417,"train/predict_steps_per_second":68.919,"_runtime":228,"train/predict_samples_per_second":551.352,"eval/steps_per_second":68.913,"train/epoch":5,"train/grad_norm":6.148582935333252,"train/predict_loss":2.169508695602417,"_timestamp":1.7606245178685358e+09,"_wandb":{"runtime":228},"train_steps_per_second":5.637,"_step":9,"train/global_step":1250,"eval/loss":2.1573526859283447,"eval/runtime":3.6278,"train/predict_accuracy":0.3475,"train_loss":2.2524532958984373,"total_flos":5.30803924992e+15,"train_samples_per_second":360.771,"train/predict_runtime":3.6274,"eval/samples_per_second":551.301,"train/learning_rate":0.0040160000000000005,"eval/accuracy":0.352,"train_runtime":221.7471}