{"train/predict_samples_per_second":507.372,"train_runtime":248.3292,"train/predict_runtime":3.9419,"train_steps_per_second":5.034,"train/predict_loss":0.5270358920097351,"eval/steps_per_second":63.476,"train/global_step":1250,"_wandb":{"runtime":257},"train/predict_steps_per_second":63.422,"train/epoch":5,"_runtime":257,"train_samples_per_second":322.153,"train_loss":0.8836477294921875,"eval/samples_per_second":507.811,"train/loss":0.689,"eval/runtime":3.9385,"total_flos":5.31936387072e+15,"train/grad_norm":8.469192504882812,"eval/accuracy":0.807,"eval/loss":0.5422899127006531,"_step":9,"_timestamp":1.7606179326578507e+09,"train/learning_rate":4.016e-06,"train/predict_accuracy":0.803}