{"train/epoch":5,"eval/samples_per_second":506.294,"train/learning_rate":4.016e-05,"train_runtime":243.5302,"_wandb":{"runtime":251},"train/predict_samples_per_second":507.248,"train/predict_loss":0.1609153151512146,"train/predict_accuracy":0.9225,"train/global_step":1250,"train/loss":0.1641,"eval/runtime":3.9503,"train/grad_norm":3.8187925815582275,"train/predict_runtime":3.9428,"_step":9,"train_steps_per_second":5.133,"eval/loss":0.13938559591770172,"train_loss":0.29150052642822266,"eval/steps_per_second":63.287,"train_samples_per_second":328.501,"total_flos":5.38051682304e+15,"train/predict_steps_per_second":63.406,"eval/accuracy":0.937,"_runtime":251,"_timestamp":1.7606209772973502e+09}