{"eval/steps_per_second":71.791,"train_steps_per_second":5.307,"train/predict_loss":1.301454782485962,"train/predict_accuracy":0.528,"train/predict_samples_per_second":575.058,"train/grad_norm":1.697201132774353,"_wandb":{"runtime":242},"_step":9,"train_loss":1.458786572265625,"_runtime":242,"train/epoch":5,"train/predict_runtime":3.4779,"train/global_step":1250,"train_samples_per_second":339.679,"train_runtime":235.5161,"_timestamp":1.760620102657514e+09,"train/learning_rate":4.016e-05,"eval/runtime":3.4823,"eval/samples_per_second":574.33,"eval/accuracy":0.5275,"eval/loss":1.324834942817688,"train/predict_steps_per_second":71.882,"train/loss":1.4187,"total_flos":5.29897955328e+15}