{"train_loss":1.470502001953125,"train/predict_loss":1.158337116241455,"train_runtime":159.8159,"total_flos":5.29897955328e+15,"eval/runtime":2.318,"train/epoch":5,"_runtime":164,"eval/accuracy":0.5575,"train/learning_rate":0.0004016,"train/predict_runtime":2.3134,"train/predict_samples_per_second":864.514,"eval/steps_per_second":107.853,"eval/loss":1.188747525215149,"_timestamp":1.7606187602172499e+09,"train/loss":1.4416,"train/predict_steps_per_second":108.064,"train_steps_per_second":7.822,"_wandb":{"runtime":164},"train/global_step":1250,"_step":9,"train/grad_norm":1.048105239868164,"train_samples_per_second":500.576,"train/predict_accuracy":0.563,"eval/samples_per_second":862.823}