{"_wandb":{"runtime":213},"eval/samples_per_second":586.529,"total_flos":5.31709894656e+15,"eval/loss":0.10852978378534317,"train/predict_samples_per_second":587.397,"train_loss":0.2566148956298828,"train/learning_rate":0.0004016,"train/predict_runtime":3.4049,"eval/runtime":3.4099,"train/epoch":5,"train/global_step":1250,"train_runtime":206.3661,"train/predict_steps_per_second":73.425,"train_steps_per_second":6.057,"eval/accuracy":0.939,"train/predict_loss":0.1356325000524521,"_step":9,"train/predict_accuracy":0.933,"train/loss":0.1686,"train/grad_norm":0.8327538371086121,"_runtime":213,"train_samples_per_second":387.661,"_timestamp":1.760622736907938e+09,"eval/steps_per_second":73.316}