{"train/predict_loss":0.1434926837682724,"_timestamp":1.7606173654559784e+09,"total_flos":5.26241009664e+15,"eval/steps_per_second":78.957,"train/predict_steps_per_second":78.908,"_runtime":288,"_wandb":{"runtime":288},"eval/loss":0.13154302537441254,"train_runtime":281.1296,"train/epoch":5,"_step":9,"train_steps_per_second":4.446,"train/global_step":1250,"train/learning_rate":4.016e-06,"eval/runtime":3.1663,"train/predict_samples_per_second":631.268,"train/predict_runtime":3.1682,"train/predict_accuracy":0.9285,"eval/samples_per_second":631.66,"train_samples_per_second":284.566,"train_loss":0.2550075637817383,"eval/accuracy":0.938,"train/loss":0.13,"train/grad_norm":1.8605128526687622}