{"train/predict_samples_per_second":574.236,"train/predict_accuracy":0.5365,"train/predict_loss":1.3101576566696167,"train/predict_runtime":3.4829,"_step":9,"eval/accuracy":0.5315,"train/predict_steps_per_second":71.78,"eval/steps_per_second":71.834,"_runtime":242,"train/loss":1.4243,"total_flos":5.29897955328e+15,"eval/runtime":3.4803,"_timestamp":1.760619835709033e+09,"_wandb":{"runtime":242},"train/epoch":5,"train_samples_per_second":340.326,"train/global_step":1250,"train_loss":1.4624843017578124,"train_steps_per_second":5.318,"train/learning_rate":4.016e-05,"train_runtime":235.069,"eval/loss":1.3345690965652466,"eval/samples_per_second":574.671,"train/grad_norm":1.4135524034500122}