{"eval/samples_per_second":631.647,"train_loss":1.5942009521484375,"train/predict_runtime":3.1737,"_runtime":288,"train/global_step":1250,"train/predict_accuracy":0.3475,"_wandb":{"runtime":288},"_timestamp":1.76061798073552e+09,"eval/loss":1.5929092168807983,"train/grad_norm":0.685873806476593,"train_steps_per_second":4.444,"eval/runtime":3.1663,"train/predict_steps_per_second":78.773,"eval/accuracy":0.352,"total_flos":5.26241009664e+15,"train/predict_samples_per_second":630.182,"train/epoch":5,"train/predict_loss":1.5672026872634888,"train/learning_rate":0.0004016,"train/loss":1.5839,"_step":9,"eval/steps_per_second":78.956,"train_runtime":281.2873,"train_samples_per_second":284.407}