{"train/predict_samples_per_second":496.767,"train_loss":0.826282568359375,"total_flos":5.62512863232e+15,"train/predict_steps_per_second":62.096,"eval/loss":0.4865826368331909,"train_runtime":248.2582,"_step":9,"train_steps_per_second":5.035,"train_samples_per_second":322.245,"train/learning_rate":4.016e-06,"_timestamp":1.760619460159038e+09,"train/predict_runtime":4.026,"train/epoch":5,"_wandb":{"runtime":256},"eval/samples_per_second":496.825,"train/loss":0.6227,"train/predict_accuracy":0.822,"eval/runtime":4.0256,"train/global_step":1250,"eval/accuracy":0.8195,"train/predict_loss":0.4737849235534668,"_runtime":256,"train/grad_norm":2.379862070083618,"eval/steps_per_second":62.103}