{"train/grad_norm":1.2267457246780396,"train/loss":1.5656,"_timestamp":1.7606180028926687e+09,"train/learning_rate":4.016e-05,"train/predict_steps_per_second":108.286,"train_samples_per_second":507.999,"eval/samples_per_second":864.923,"eval/loss":1.5461649894714355,"train/predict_runtime":2.3087,"train/predict_samples_per_second":866.291,"eval/runtime":2.3123,"train_steps_per_second":7.937,"train_runtime":157.4805,"eval/steps_per_second":108.115,"_runtime":164,"train/global_step":1250,"train/epoch":5,"train/predict_accuracy":0.403,"_step":9,"total_flos":5.29897955328e+15,"eval/accuracy":0.393,"train/predict_loss":1.5227817296981812,"train_loss":1.5718223876953126,"_wandb":{"runtime":164}}