{"eval/loss":2.0326943397521973,"train_samples_per_second":360.737,"train/predict_steps_per_second":68.211,"train/global_step":1250,"train/loss":1.9547,"_runtime":228,"_wandb":{"runtime":228},"eval/steps_per_second":68.09,"eval/samples_per_second":544.719,"train/learning_rate":0.0040160000000000005,"train/predict_samples_per_second":545.687,"train/predict_runtime":3.6651,"eval/runtime":3.6716,"eval/accuracy":0.352,"_timestamp":1.760626040860972e+09,"train/predict_loss":1.9965696334838867,"train_steps_per_second":5.637,"total_flos":5.44393469952e+15,"train_runtime":221.7684,"train/grad_norm":8.054182052612305,"_step":9,"train_loss":2.2232931884765623,"train/epoch":5,"train/predict_accuracy":0.3475}