{"train/predict_accuracy":0.842,"eval/loss":0.45926305651664734,"train_loss":0.790546826171875,"_wandb":{"runtime":242},"train/learning_rate":0.0004016,"train_steps_per_second":5.315,"train/predict_samples_per_second":573.709,"train/predict_runtime":3.4861,"train/epoch":5,"eval/samples_per_second":572.529,"train_samples_per_second":340.139,"train/predict_loss":0.47574716806411743,"total_flos":5.29897955328e+15,"_runtime":242,"train/grad_norm":1.375459909439087,"eval/runtime":3.4933,"train/loss":0.6469,"_step":9,"train_runtime":235.1981,"train/predict_steps_per_second":71.714,"_timestamp":1.7606209057172008e+09,"eval/accuracy":0.8405,"train/global_step":1250,"eval/steps_per_second":71.566}