{"train/global_step":1250,"_wandb":{"runtime":251},"_runtime":251,"train/predict_steps_per_second":63.29,"train/epoch":5,"train_runtime":244.1158,"train_samples_per_second":327.713,"_step":9,"eval/loss":1.647318959236145,"train/predict_accuracy":0.3475,"train/learning_rate":0.0040160000000000005,"train/predict_samples_per_second":506.323,"train_loss":2.2503123779296876,"train/predict_loss":1.6211001873016357,"eval/steps_per_second":63.241,"eval/accuracy":0.352,"train_steps_per_second":5.121,"train/grad_norm":9.378840446472168,"eval/samples_per_second":505.927,"_timestamp":1.760625557207435e+09,"total_flos":5.38051682304e+15,"train/predict_runtime":3.9501,"eval/runtime":3.9531,"train/loss":1.9665}